annotation_count,api_path,artist_names,full_title,header_image_thumbnail_url,header_image_url,id,lyrics_owner_id,lyrics_state,path,pyongs_count,relationships_index_url,release_date_components,release_date_for_display,release_date_with_abbreviated_month_for_display,song_art_image_thumbnail_url,song_art_image_url,stats,title,title_with_featured,url,featured_artists,primary_artist,stat_unreviewed_annotations,stat_hot,stat_pageviews,stat_concurrents,primary_artist_api_path,primary_artist_header_image_url,primary_artist_id,primary_artist_image_url,primary_artist_is_meme_verified,primary_artist_is_verified,primary_artist_name,primary_artist_url,primary_artist_iq
6,/songs/5827731,BTS,Dynamite by BTS,https://images.genius.com/df009633e4702b3838c793c7fd97adf3.300x300x1.png,https://images.genius.com/df009633e4702b3838c793c7fd97adf3.1000x1000x1.png,5827731,3489629,complete,/Bts-dynamite-lyrics,298.0,https://genius.com/Bts-dynamite-sample,"{'year': 2020, 'month': 8, 'day': 21}","August 21, 2020","Aug. 21, 2020",https://images.genius.com/df009633e4702b3838c793c7fd97adf3.300x300x1.png,https://images.genius.com/df009633e4702b3838c793c7fd97adf3.1000x1000x1.png,"{'unreviewed_annotations': 0, 'hot': False, 'pageviews': 4159588}",Dynamite,Dynamite,https://genius.com/Bts-dynamite-lyrics,[],"{'api_path': '/artists/70113', 'header_image_url': 'https://images.genius.com/003c7e55450a3ef96d0aef0a229dfa80.1000x667x1.jpg', 'id': 70113, 'image_url': 'https://images.genius.com/07ac668b1493f2de64ec854f5b20361e.800x800x1.jpg', 'is_meme_verified': False, 'is_verified': False, 'name': 'BTS', 'url': 'https://genius.com/artists/Bts'}",0,False,4159588,,/artists/70113,https://images.genius.com/003c7e55450a3ef96d0aef0a229dfa80.1000x667x1.jpg,70113,https://images.genius.com/07ac668b1493f2de64ec854f5b20361e.800x800x1.jpg,False,False,BTS,https://genius.com/artists/Bts,
13,/songs/6746160,BTS,Butter by BTS,https://images.genius.com/7aaf44fef39c557a691c0b447879077d.300x300x1.png,https://images.genius.com/7aaf44fef39c557a691c0b447879077d.1000x1000x1.png,6746160,4635946,complete,/Bts-butter-lyrics,286.0,https://genius.com/Bts-butter-sample,"{'year': 2021, 'month': 5, 'day': 21}","May 21, 2021","May. 21, 2021",https://images.genius.com/7aaf44fef39c557a691c0b447879077d.300x300x1.png,https://images.genius.com/7aaf44fef39c557a691c0b447879077d.1000x1000x1.png,"{'unreviewed_annotations': 0, 'hot': False, 'pageviews': 3531657}",Butter,Butter,https://genius.com/Bts-butter-lyrics,[],"{'api_path': '/artists/70113', 'header_image_url': 'https://images.genius.com/003c7e55450a3ef96d0aef0a229dfa80.1000x667x1.jpg', 'id': 70113, 'image_url': 'https://images.genius.com/07ac668b1493f2de64ec854f5b20361e.800x800x1.jpg', 'is_meme_verified': False, 'is_verified': False, 'name': 'BTS', 'url': 'https://genius.com/artists/Bts'}",0,False,3531657,,/artists/70113,https://images.genius.com/003c7e55450a3ef96d0aef0a229dfa80.1000x667x1.jpg,70113,https://images.genius.com/07ac668b1493f2de64ec854f5b20361e.800x800x1.jpg,False,False,BTS,https://genius.com/artists/Bts,
6,/songs/3821292,Genius English Translations,BTS – 봄날 (Spring Day) (English Translation) by Genius English Translations,https://images.genius.com/08883e7b6196fddaab9de4027f105008.300x129x1.jpg,https://images.genius.com/08883e7b6196fddaab9de4027f105008.1000x431x1.jpg,3821292,4650044,complete,/Genius-english-translations-bts-spring-day-english-translation-lyrics,43.0,https://genius.com/Genius-english-translations-bts-spring-day-english-translation-sample,"{'year': 2017, 'month': 2, 'day': 13}","February 13, 2017","Feb. 13, 2017",https://images.genius.com/4561dddd252b309a2cdfb94368d19a6e.300x300x1.jpg,https://images.genius.com/4561dddd252b309a2cdfb94368d19a6e.600x600x1.jpg,"{'unreviewed_annotations': 5, 'concurrents': 3, 'hot': False, 'pageviews': 2147368}",BTS – 봄날 (Spring Day) (English Translation),BTS – 봄날 (Spring Day) (English Translation),https://genius.com/Genius-english-translations-bts-spring-day-english-translation-lyrics,[],"{'api_path': '/artists/196943', 'header_image_url': 'https://images.genius.com/e5afba664f84f0cadba65e3231dd57c7.1000x495x1.png', 'id': 196943, 'image_url': 'https://images.genius.com/de32245e4abcb8be6c5d15aace40d53e.1000x1000x1.png', 'is_meme_verified': False, 'is_verified': False, 'name': 'Genius English Translations', 'url': 'https://genius.com/artists/Genius-english-translations'}",5,False,2147368,3.0,/artists/196943,https://images.genius.com/e5afba664f84f0cadba65e3231dd57c7.1000x495x1.png,196943,https://images.genius.com/de32245e4abcb8be6c5d15aace40d53e.1000x1000x1.png,False,False,Genius English Translations,https://genius.com/artists/Genius-english-translations,
14,/songs/3788502,Genius English Translations,BTS - Magic Shop (English Translation) by Genius English Translations,https://images.genius.com/17ec7a755c21bdc7370645f5766d5513.300x300x1.jpg,https://images.genius.com/17ec7a755c21bdc7370645f5766d5513.820x820x1.jpg,3788502,104344,complete,/Genius-english-translations-bts-magic-shop-english-translation-lyrics,40.0,https://genius.com/Genius-english-translations-bts-magic-shop-english-translation-sample,"{'year': 2018, 'month': 5, 'day': 18}","May 18, 2018","May. 18, 2018",https://images.genius.com/17ec7a755c21bdc7370645f5766d5513.300x300x1.jpg,https://images.genius.com/17ec7a755c21bdc7370645f5766d5513.820x820x1.jpg,"{'unreviewed_annotations': 11, 'hot': False, 'pageviews': 1811540}",BTS - Magic Shop (English Translation),BTS - Magic Shop (English Translation),https://genius.com/Genius-english-translations-bts-magic-shop-english-translation-lyrics,[],"{'api_path': '/artists/196943', 'header_image_url': 'https://images.genius.com/e5afba664f84f0cadba65e3231dd57c7.1000x495x1.png', 'id': 196943, 'image_url': 'https://images.genius.com/de32245e4abcb8be6c5d15aace40d53e.1000x1000x1.png', 'is_meme_verified': False, 'is_verified': False, 'name': 'Genius English Translations', 'url': 'https://genius.com/artists/Genius-english-translations'}",11,False,1811540,,/artists/196943,https://images.genius.com/e5afba664f84f0cadba65e3231dd57c7.1000x495x1.png,196943,https://images.genius.com/de32245e4abcb8be6c5d15aace40d53e.1000x1000x1.png,False,False,Genius English Translations,https://genius.com/artists/Genius-english-translations,
3,/songs/3788496,Genius English Translations,BTS - FAKE LOVE (English Translation) by Genius English Translations,https://images.genius.com/256f2f80e7bbead6ba9c469464a049ce.300x300x1.jpg,https://images.genius.com/256f2f80e7bbead6ba9c469464a049ce.787x787x1.jpg,3788496,4420277,complete,/Genius-english-translations-bts-fake-love-english-translation-lyrics,40.0,https://genius.com/Genius-english-translations-bts-fake-love-english-translation-sample,"{'year': 2018, 'month': 5, 'day': 18}","May 18, 2018","May. 18, 2018",https://images.genius.com/256f2f80e7bbead6ba9c469464a049ce.300x300x1.jpg,https://images.genius.com/256f2f80e7bbead6ba9c469464a049ce.787x787x1.jpg,"{'unreviewed_annotations': 0, 'hot': False, 'pageviews': 1700031}",BTS - FAKE LOVE (English Translation),BTS - FAKE LOVE (English Translation),https://genius.com/Genius-english-translations-bts-fake-love-english-translation-lyrics,[],"{'api_path': '/artists/196943', 'header_image_url': 'https://images.genius.com/e5afba664f84f0cadba65e3231dd57c7.1000x495x1.png', 'id': 196943, 'image_url': 'https://images.genius.com/de32245e4abcb8be6c5d15aace40d53e.1000x1000x1.png', 'is_meme_verified': False, 'is_verified': False, 'name': 'Genius English Translations', 'url': 'https://genius.com/artists/Genius-english-translations'}",0,False,1700031,,/artists/196943,https://images.genius.com/e5afba664f84f0cadba65e3231dd57c7.1000x495x1.png,196943,https://images.genius.com/de32245e4abcb8be6c5d15aace40d53e.1000x1000x1.png,False,False,Genius English Translations,https://genius.com/artists/Genius-english-translations,
9,/songs/3788498,Genius English Translations,BTS - 전하지 못한 진심 (The Truth Untold) ft. Steve Aoki (English Translation) by Genius English Translations,https://images.genius.com/17ec7a755c21bdc7370645f5766d5513.300x300x1.jpg,https://images.genius.com/17ec7a755c21bdc7370645f5766d5513.820x820x1.jpg,3788498,4420277,complete,/Genius-english-translations-bts-the-truth-untold-ft-steve-aoki-english-translation-lyrics,46.0,https://genius.com/Genius-english-translations-bts-the-truth-untold-ft-steve-aoki-english-translation-sample,"{'year': 2018, 'month': 5, 'day': 18}","May 18, 2018","May. 18, 2018",https://images.genius.com/17ec7a755c21bdc7370645f5766d5513.300x300x1.jpg,https://images.genius.com/17ec7a755c21bdc7370645f5766d5513.820x820x1.jpg,"{'unreviewed_annotations': 2, 'hot': False, 'pageviews': 1641572}",BTS - 전하지 못한 진심 (The Truth Untold) ft. Steve Aoki (English Translation),BTS - 전하지 못한 진심 (The Truth Untold) ft. Steve Aoki (English Translation),https://genius.com/Genius-english-translations-bts-the-truth-untold-ft-steve-aoki-english-translation-lyrics,[],"{'api_path': '/artists/196943', 'header_image_url': 'https://images.genius.com/e5afba664f84f0cadba65e3231dd57c7.1000x495x1.png', 'id': 196943, 'image_url': 'https://images.genius.com/de32245e4abcb8be6c5d15aace40d53e.1000x1000x1.png', 'is_meme_verified': False, 'is_verified': False, 'name': 'Genius English Translations', 'url': 'https://genius.com/artists/Genius-english-translations'}",2,False,1641572,,/artists/196943,https://images.genius.com/e5afba664f84f0cadba65e3231dd57c7.1000x495x1.png,196943,https://images.genius.com/de32245e4abcb8be6c5d15aace40d53e.1000x1000x1.png,False,False,Genius English Translations,https://genius.com/artists/Genius-english-translations,
21,/songs/4453314,Genius Romanizations,BTS - 작은 것들을 위한 시 (Boy With Luv) ft. Halsey (Romanized) by Genius Romanizations,https://images.genius.com/1f33fe65273ba317dad49537a4d1092e.300x300x1.png,https://images.genius.com/1f33fe65273ba317dad49537a4d1092e.841x841x1.png,4453314,4420277,complete,/Genius-romanizations-bts-boy-with-luv-ft-halsey-romanized-lyrics,60.0,https://genius.com/Genius-romanizations-bts-boy-with-luv-ft-halsey-romanized-sample,"{'year': 2019, 'month': 4, 'day': 12}","April 12, 2019","Apr. 12, 2019",https://images.genius.com/1f33fe65273ba317dad49537a4d1092e.300x300x1.png,https://images.genius.com/1f33fe65273ba317dad49537a4d1092e.841x841x1.png,"{'unreviewed_annotations': 11, 'concurrents': 2, 'hot': False, 'pageviews': 1397264}",BTS - 작은 것들을 위한 시 (Boy With Luv) ft. Halsey (Romanized),BTS - 작은 것들을 위한 시 (Boy With Luv) ft. Halsey (Romanized),https://genius.com/Genius-romanizations-bts-boy-with-luv-ft-halsey-romanized-lyrics,[],"{'api_path': '/artists/1507735', 'header_image_url': 'https://images.genius.com/e5afba664f84f0cadba65e3231dd57c7.1000x495x1.png', 'id': 1507735, 'image_url': 'https://images.genius.com/086f5809e96b133dd536982629e5844b.1000x1000x1.png', 'is_meme_verified': False, 'is_verified': False, 'name': 'Genius Romanizations', 'url': 'https://genius.com/artists/Genius-romanizations'}",11,False,1397264,2.0,/artists/1507735,https://images.genius.com/e5afba664f84f0cadba65e3231dd57c7.1000x495x1.png,1507735,https://images.genius.com/086f5809e96b133dd536982629e5844b.1000x1000x1.png,False,False,Genius Romanizations,https://genius.com/artists/Genius-romanizations,
12,/songs/3808586,Genius English Translations,BTS - Pied Piper (English Translation) by Genius English Translations,https://images.genius.com/9c2a9724c862553826e624d4782085c6.300x300x1.png,https://images.genius.com/9c2a9724c862553826e624d4782085c6.1000x1000x1.png,3808586,104344,complete,/Genius-english-translations-bts-pied-piper-english-translation-lyrics,26.0,https://genius.com/Genius-english-translations-bts-pied-piper-english-translation-sample,"{'year': 2017, 'month': 9, 'day': 18}","September 18, 2017","Sep. 18, 2017",https://images.genius.com/9c2a9724c862553826e624d4782085c6.300x300x1.png,https://images.genius.com/9c2a9724c862553826e624d4782085c6.1000x1000x1.png,"{'unreviewed_annotations': 12, 'concurrents': 2, 'hot': False, 'pageviews': 1354541}",BTS - Pied Piper (English Translation),BTS - Pied Piper (English Translation),https://genius.com/Genius-english-translations-bts-pied-piper-english-translation-lyrics,[],"{'api_path': '/artists/196943', 'header_image_url': 'https://images.genius.com/e5afba664f84f0cadba65e3231dd57c7.1000x495x1.png', 'id': 196943, 'image_url': 'https://images.genius.com/de32245e4abcb8be6c5d15aace40d53e.1000x1000x1.png', 'is_meme_verified': False, 'is_verified': False, 'name': 'Genius English Translations', 'url': 'https://genius.com/artists/Genius-english-translations'}",12,False,1354541,2.0,/artists/196943,https://images.genius.com/e5afba664f84f0cadba65e3231dd57c7.1000x495x1.png,196943,https://images.genius.com/de32245e4abcb8be6c5d15aace40d53e.1000x1000x1.png,False,False,Genius English Translations,https://genius.com/artists/Genius-english-translations,
5,/songs/3690426,BTS,FAKE LOVE by BTS,https://images.genius.com/baa38abf7c2d7475218e3facfaa9a689.300x300x1.png,https://images.genius.com/baa38abf7c2d7475218e3facfaa9a689.999x999x1.png,3690426,5629029,complete,/Bts-fake-love-lyrics,203.0,https://genius.com/Bts-fake-love-sample,"{'year': 2018, 'month': 5, 'day': 18}","May 18, 2018","May. 18, 2018",https://images.genius.com/baa38abf7c2d7475218e3facfaa9a689.300x300x1.png,https://images.genius.com/baa38abf7c2d7475218e3facfaa9a689.999x999x1.png,"{'unreviewed_annotations': 0, 'hot': False, 'pageviews': 1371169}",FAKE LOVE,FAKE LOVE,https://genius.com/Bts-fake-love-lyrics,[],"{'api_path': '/artists/70113', 'header_image_url': 'https://images.genius.com/003c7e55450a3ef96d0aef0a229dfa80.1000x667x1.jpg', 'id': 70113, 'image_url': 'https://images.genius.com/07ac668b1493f2de64ec854f5b20361e.800x800x1.jpg', 'is_meme_verified': False, 'is_verified': False, 'name': 'BTS', 'url': 'https://genius.com/artists/Bts'}",0,False,1371169,,/artists/70113,https://images.genius.com/003c7e55450a3ef96d0aef0a229dfa80.1000x667x1.jpg,70113,https://images.genius.com/07ac668b1493f2de64ec854f5b20361e.800x800x1.jpg,False,False,BTS,https://genius.com/artists/Bts,
8,/songs/6156029,Genius English Translations,BTS - Life Goes On (English Translation) by Genius English Translations,https://images.genius.com/028f7c027fc85f04e7374640d8b22ef4.300x300x1.jpg,https://images.genius.com/028f7c027fc85f04e7374640d8b22ef4.1000x1000x1.jpg,6156029,6966926,complete,/Genius-english-translations-bts-life-goes-on-english-translation-lyrics,55.0,https://genius.com/Genius-english-translations-bts-life-goes-on-english-translation-sample,"{'year': 2020, 'month': 11, 'day': 20}","November 20, 2020","Nov. 20, 2020",https://images.genius.com/77680659719d5c4e23f4f2c5689b18ed.300x300x1.jpg,https://images.genius.com/77680659719d5c4e23f4f2c5689b18ed.1000x1000x1.jpg,"{'unreviewed_annotations': 2, 'hot': False, 'pageviews': 1575774}",BTS - Life Goes On (English Translation),BTS - Life Goes On (English Translation),https://genius.com/Genius-english-translations-bts-life-goes-on-english-translation-lyrics,[],"{'api_path': '/artists/196943', 'header_image_url': 'https://images.genius.com/e5afba664f84f0cadba65e3231dd57c7.1000x495x1.png', 'id': 196943, 'image_url': 'https://images.genius.com/de32245e4abcb8be6c5d15aace40d53e.1000x1000x1.png', 'is_meme_verified': False, 'is_verified': False, 'name': 'Genius English Translations', 'url': 'https://genius.com/artists/Genius-english-translations'}",2,False,1575774,,/artists/196943,https://images.genius.com/e5afba664f84f0cadba65e3231dd57c7.1000x495x1.png,196943,https://images.genius.com/de32245e4abcb8be6c5d15aace40d53e.1000x1000x1.png,False,False,Genius English Translations,https://genius.com/artists/Genius-english-translations,
1,/songs/8655457,Genius Romanizations,NewJeans - Ditto (Romanized) by Genius Romanizations,https://images.genius.com/fc3356a729e473d58ab437b5e076118f.300x300x1.jpg,https://images.genius.com/fc3356a729e473d58ab437b5e076118f.1000x1000x1.jpg,8655457,12748302,complete,/Genius-romanizations-newjeans-ditto-romanized-lyrics,8.0,https://genius.com/Genius-romanizations-newjeans-ditto-romanized-sample,"{'year': 2022, 'month': 12, 'day': 19}","December 19, 2022","Dec. 19, 2022",https://images.genius.com/fc3356a729e473d58ab437b5e076118f.300x300x1.jpg,https://images.genius.com/fc3356a729e473d58ab437b5e076118f.1000x1000x1.jpg,"{'unreviewed_annotations': 1, 'concurrents': 2, 'hot': False, 'pageviews': 671502}",NewJeans - Ditto (Romanized),NewJeans - Ditto (Romanized),https://genius.com/Genius-romanizations-newjeans-ditto-romanized-lyrics,[],"{'api_path': '/artists/1507735', 'header_image_url': 'https://images.genius.com/e5afba664f84f0cadba65e3231dd57c7.1000x495x1.png', 'id': 1507735, 'image_url': 'https://images.genius.com/086f5809e96b133dd536982629e5844b.1000x1000x1.png', 'is_meme_verified': False, 'is_verified': False, 'name': 'Genius Romanizations', 'url': 'https://genius.com/artists/Genius-romanizations'}",1,False,671502,2.0,/artists/1507735,https://images.genius.com/e5afba664f84f0cadba65e3231dd57c7.1000x495x1.png,1507735,https://images.genius.com/086f5809e96b133dd536982629e5844b.1000x1000x1.png,False,False,Genius Romanizations,https://genius.com/artists/Genius-romanizations,
1,/songs/8633401,NewJeans (뉴진스),Ditto by NewJeans (뉴진스),https://images.genius.com/fe2a9a7084a4ea254657e6f3bf1bae20.300x300x1.png,https://images.genius.com/fe2a9a7084a4ea254657e6f3bf1bae20.1000x1000x1.png,8633401,12748302,complete,/Newjeans-ditto-lyrics,8.0,https://genius.com/Newjeans-ditto-sample,"{'year': 2022, 'month': 12, 'day': 19}","December 19, 2022","Dec. 19, 2022",https://images.genius.com/fe2a9a7084a4ea254657e6f3bf1bae20.300x300x1.png,https://images.genius.com/fe2a9a7084a4ea254657e6f3bf1bae20.1000x1000x1.png,"{'unreviewed_annotations': 0, 'concurrents': 2, 'hot': False, 'pageviews': 369821}",Ditto,Ditto,https://genius.com/Newjeans-ditto-lyrics,[],"{'api_path': '/artists/3239944', 'header_image_url': 'https://images.genius.com/b8111d1525732688d55f29f5051a4b3e.720x540x1.jpg', 'id': 3239944, 'image_url': 'https://images.genius.com/ff736d30aff3a1dccc91b6c20bafb7d0.640x640x1.jpg', 'is_meme_verified': False, 'is_verified': False, 'name': 'NewJeans (뉴진스)', 'url': 'https://genius.com/artists/Newjeans'}",0,False,369821,2.0,/artists/3239944,https://images.genius.com/b8111d1525732688d55f29f5051a4b3e.720x540x1.jpg,3239944,https://images.genius.com/ff736d30aff3a1dccc91b6c20bafb7d0.640x640x1.jpg,False,False,NewJeans (뉴진스),https://genius.com/artists/Newjeans,
1,/songs/9290740,Genius Romanizations,NewJeans - Super Shy (Romanized) by Genius Romanizations,https://images.genius.com/267b3c1095e86e682f1ac545b0ad2f2b.300x300x1.png,https://images.genius.com/267b3c1095e86e682f1ac545b0ad2f2b.1000x1000x1.png,9290740,17270590,complete,/Genius-romanizations-newjeans-super-shy-romanized-lyrics,3.0,https://genius.com/Genius-romanizations-newjeans-super-shy-romanized-sample,"{'year': 2023, 'month': 7, 'day': 7}","July 7, 2023","Jul. 7, 2023",https://images.genius.com/267b3c1095e86e682f1ac545b0ad2f2b.300x300x1.png,https://images.genius.com/267b3c1095e86e682f1ac545b0ad2f2b.1000x1000x1.png,"{'unreviewed_annotations': 1, 'hot': False, 'pageviews': 371722}",NewJeans - Super Shy (Romanized),NewJeans - Super Shy (Romanized),https://genius.com/Genius-romanizations-newjeans-super-shy-romanized-lyrics,[],"{'api_path': '/artists/1507735', 'header_image_url': 'https://images.genius.com/e5afba664f84f0cadba65e3231dd57c7.1000x495x1.png', 'id': 1507735, 'image_url': 'https://images.genius.com/086f5809e96b133dd536982629e5844b.1000x1000x1.png', 'is_meme_verified': False, 'is_verified': False, 'name': 'Genius Romanizations', 'url': 'https://genius.com/artists/Genius-romanizations'}",1,False,371722,,/artists/1507735,https://images.genius.com/e5afba664f84f0cadba65e3231dd57c7.1000x495x1.png,1507735,https://images.genius.com/086f5809e96b133dd536982629e5844b.1000x1000x1.png,False,False,Genius Romanizations,https://genius.com/artists/Genius-romanizations,
5,/songs/8655458,Genius English Translations,NewJeans - Ditto (English Translation) by Genius English Translations,https://images.genius.com/fc3356a729e473d58ab437b5e076118f.300x300x1.jpg,https://images.genius.com/fc3356a729e473d58ab437b5e076118f.1000x1000x1.jpg,8655458,17270590,complete,/Genius-english-translations-newjeans-ditto-english-translation-lyrics,2.0,https://genius.com/Genius-english-translations-newjeans-ditto-english-translation-sample,"{'year': 2022, 'month': 12, 'day': 19}","December 19, 2022","Dec. 19, 2022",https://images.genius.com/fc3356a729e473d58ab437b5e076118f.300x300x1.jpg,https://images.genius.com/fc3356a729e473d58ab437b5e076118f.1000x1000x1.jpg,"{'unreviewed_annotations': 5, 'hot': False, 'pageviews': 276279}",NewJeans - Ditto (English Translation),NewJeans - Ditto (English Translation),https://genius.com/Genius-english-translations-newjeans-ditto-english-translation-lyrics,[],"{'api_path': '/artists/196943', 'header_image_url': 'https://images.genius.com/e5afba664f84f0cadba65e3231dd57c7.1000x495x1.png', 'id': 196943, 'image_url': 'https://images.genius.com/de32245e4abcb8be6c5d15aace40d53e.1000x1000x1.png', 'is_meme_verified': False, 'is_verified': False, 'name': 'Genius English Translations', 'url': 'https://genius.com/artists/Genius-english-translations'}",5,False,276279,,/artists/196943,https://images.genius.com/e5afba664f84f0cadba65e3231dd57c7.1000x495x1.png,196943,https://images.genius.com/de32245e4abcb8be6c5d15aace40d53e.1000x1000x1.png,False,False,Genius English Translations,https://genius.com/artists/Genius-english-translations,
1,/songs/8541350,NewJeans (뉴진스),OMG by NewJeans (뉴진스),https://images.genius.com/2d0d84863056421e3faec7fe6666ac6d.300x300x1.png,https://images.genius.com/2d0d84863056421e3faec7fe6666ac6d.1000x1000x1.png,8541350,8280771,complete,/Newjeans-omg-lyrics,3.0,https://genius.com/Newjeans-omg-sample,"{'year': 2023, 'month': 1, 'day': 2}","January 2, 2023","Jan. 2, 2023",https://images.genius.com/2d0d84863056421e3faec7fe6666ac6d.300x300x1.png,https://images.genius.com/2d0d84863056421e3faec7fe6666ac6d.1000x1000x1.png,"{'unreviewed_annotations': 1, 'hot': False, 'pageviews': 287039}",OMG,OMG,https://genius.com/Newjeans-omg-lyrics,[],"{'api_path': '/artists/3239944', 'header_image_url': 'https://images.genius.com/b8111d1525732688d55f29f5051a4b3e.720x540x1.jpg', 'id': 3239944, 'image_url': 'https://images.genius.com/ff736d30aff3a1dccc91b6c20bafb7d0.640x640x1.jpg', 'is_meme_verified': False, 'is_verified': False, 'name': 'NewJeans (뉴진스)', 'url': 'https://genius.com/artists/Newjeans'}",1,False,287039,,/artists/3239944,https://images.genius.com/b8111d1525732688d55f29f5051a4b3e.720x540x1.jpg,3239944,https://images.genius.com/ff736d30aff3a1dccc91b6c20bafb7d0.640x640x1.jpg,False,False,NewJeans (뉴진스),https://genius.com/artists/Newjeans,
1,/songs/9290729,Genius Romanizations,NewJeans - ETA (Romanized) by Genius Romanizations,https://images.genius.com/267b3c1095e86e682f1ac545b0ad2f2b.300x300x1.png,https://images.genius.com/267b3c1095e86e682f1ac545b0ad2f2b.1000x1000x1.png,9290729,8280771,complete,/Genius-romanizations-newjeans-eta-romanized-lyrics,1.0,https://genius.com/Genius-romanizations-newjeans-eta-romanized-sample,"{'year': 2023, 'month': 7, 'day': 21}","July 21, 2023","Jul. 21, 2023",https://images.genius.com/267b3c1095e86e682f1ac545b0ad2f2b.300x300x1.png,https://images.genius.com/267b3c1095e86e682f1ac545b0ad2f2b.1000x1000x1.png,"{'unreviewed_annotations': 1, 'concurrents': 2, 'hot': False, 'pageviews': 245181}",NewJeans - ETA (Romanized),NewJeans - ETA (Romanized),https://genius.com/Genius-romanizations-newjeans-eta-romanized-lyrics,[],"{'api_path': '/artists/1507735', 'header_image_url': 'https://images.genius.com/e5afba664f84f0cadba65e3231dd57c7.1000x495x1.png', 'id': 1507735, 'image_url': 'https://images.genius.com/086f5809e96b133dd536982629e5844b.1000x1000x1.png', 'is_meme_verified': False, 'is_verified': False, 'name': 'Genius Romanizations', 'url': 'https://genius.com/artists/Genius-romanizations'}",1,False,245181,2.0,/artists/1507735,https://images.genius.com/e5afba664f84f0cadba65e3231dd57c7.1000x495x1.png,1507735,https://images.genius.com/086f5809e96b133dd536982629e5844b.1000x1000x1.png,False,False,Genius Romanizations,https://genius.com/artists/Genius-romanizations,
1,/songs/8226325,Genius Romanizations,NewJeans - Hype Boy (Romanized) by Genius Romanizations,https://images.genius.com/008470d3faefd4df5d16937f926bf6d4.300x300x1.jpg,https://images.genius.com/008470d3faefd4df5d16937f926bf6d4.1000x1000x1.jpg,8226325,16463578,complete,/Genius-romanizations-newjeans-hype-boy-romanized-lyrics,13.0,https://genius.com/Genius-romanizations-newjeans-hype-boy-romanized-sample,"{'year': 2022, 'month': 7, 'day': 23}","July 23, 2022","Jul. 23, 2022",https://images.genius.com/008470d3faefd4df5d16937f926bf6d4.300x300x1.jpg,https://images.genius.com/008470d3faefd4df5d16937f926bf6d4.1000x1000x1.jpg,"{'unreviewed_annotations': 0, 'concurrents': 2, 'hot': False, 'pageviews': 446221}",NewJeans - Hype Boy (Romanized),NewJeans - Hype Boy (Romanized),https://genius.com/Genius-romanizations-newjeans-hype-boy-romanized-lyrics,[],"{'api_path': '/artists/1507735', 'header_image_url': 'https://images.genius.com/e5afba664f84f0cadba65e3231dd57c7.1000x495x1.png', 'id': 1507735, 'image_url': 'https://images.genius.com/086f5809e96b133dd536982629e5844b.1000x1000x1.png', 'is_meme_verified': False, 'is_verified': False, 'name': 'Genius Romanizations', 'url': 'https://genius.com/artists/Genius-romanizations'}",0,False,446221,2.0,/artists/1507735,https://images.genius.com/e5afba664f84f0cadba65e3231dd57c7.1000x495x1.png,1507735,https://images.genius.com/086f5809e96b133dd536982629e5844b.1000x1000x1.png,False,False,Genius Romanizations,https://genius.com/artists/Genius-romanizations,
1,/songs/8692649,Genius Romanizations,NewJeans - OMG (Romanized) by Genius Romanizations,https://images.genius.com/b6789da1b724242fdae0777b82fc06c1.300x300x1.jpg,https://images.genius.com/b6789da1b724242fdae0777b82fc06c1.1000x1000x1.jpg,8692649,12748302,complete,/Genius-romanizations-newjeans-omg-romanized-lyrics,6.0,https://genius.com/Genius-romanizations-newjeans-omg-romanized-sample,"{'year': 2023, 'month': 1, 'day': 2}","January 2, 2023","Jan. 2, 2023",https://images.genius.com/b6789da1b724242fdae0777b82fc06c1.300x300x1.jpg,https://images.genius.com/b6789da1b724242fdae0777b82fc06c1.1000x1000x1.jpg,"{'unreviewed_annotations': 0, 'concurrents': 2, 'hot': False, 'pageviews': 744469}",NewJeans - OMG (Romanized),NewJeans - OMG (Romanized),https://genius.com/Genius-romanizations-newjeans-omg-romanized-lyrics,[],"{'api_path': '/artists/1507735', 'header_image_url': 'https://images.genius.com/e5afba664f84f0cadba65e3231dd57c7.1000x495x1.png', 'id': 1507735, 'image_url': 'https://images.genius.com/086f5809e96b133dd536982629e5844b.1000x1000x1.png', 'is_meme_verified': False, 'is_verified': False, 'name': 'Genius Romanizations', 'url': 'https://genius.com/artists/Genius-romanizations'}",0,False,744469,2.0,/artists/1507735,https://images.genius.com/e5afba664f84f0cadba65e3231dd57c7.1000x495x1.png,1507735,https://images.genius.com/086f5809e96b133dd536982629e5844b.1000x1000x1.png,False,False,Genius Romanizations,https://genius.com/artists/Genius-romanizations,
1,/songs/9249219,NewJeans (뉴진스),Super Shy by NewJeans (뉴진스),https://images.genius.com/fcd2e5a2ade130083470b2143deafce4.300x300x1.png,https://images.genius.com/fcd2e5a2ade130083470b2143deafce4.1000x1000x1.png,9249219,17270590,complete,/Newjeans-super-shy-lyrics,2.0,https://genius.com/Newjeans-super-shy-sample,"{'year': 2023, 'month': 7, 'day': 7}","July 7, 2023","Jul. 7, 2023",https://images.genius.com/fcd2e5a2ade130083470b2143deafce4.300x300x1.png,https://images.genius.com/fcd2e5a2ade130083470b2143deafce4.1000x1000x1.png,"{'unreviewed_annotations': 0, 'hot': False, 'pageviews': 194667}",Super Shy,Super Shy,https://genius.com/Newjeans-super-shy-lyrics,[],"{'api_path': '/artists/3239944', 'header_image_url': 'https://images.genius.com/b8111d1525732688d55f29f5051a4b3e.720x540x1.jpg', 'id': 3239944, 'image_url': 'https://images.genius.com/ff736d30aff3a1dccc91b6c20bafb7d0.640x640x1.jpg', 'is_meme_verified': False, 'is_verified': False, 'name': 'NewJeans (뉴진스)', 'url': 'https://genius.com/artists/Newjeans'}",0,False,194667,,/artists/3239944,https://images.genius.com/b8111d1525732688d55f29f5051a4b3e.720x540x1.jpg,3239944,https://images.genius.com/ff736d30aff3a1dccc91b6c20bafb7d0.640x640x1.jpg,False,False,NewJeans (뉴진스),https://genius.com/artists/Newjeans,
2,/songs/8226330,Genius English Translations,NewJeans - Hype Boy (English Translation) by Genius English Translations,https://images.genius.com/0cc17757cbe6c7934352f1d2ce021a34.300x300x1.jpg,https://images.genius.com/0cc17757cbe6c7934352f1d2ce021a34.1000x1000x1.jpg,8226330,16463578,complete,/Genius-english-translations-newjeans-hype-boy-english-translation-lyrics,,https://genius.com/Genius-english-translations-newjeans-hype-boy-english-translation-sample,"{'year': 2022, 'month': 7, 'day': 23}","July 23, 2022","Jul. 23, 2022",https://images.genius.com/0cc17757cbe6c7934352f1d2ce021a34.300x300x1.jpg,https://images.genius.com/0cc17757cbe6c7934352f1d2ce021a34.1000x1000x1.jpg,"{'unreviewed_annotations': 1, 'hot': False, 'pageviews': 132737}",NewJeans - Hype Boy (English Translation),NewJeans - Hype Boy (English Translation),https://genius.com/Genius-english-translations-newjeans-hype-boy-english-translation-lyrics,[],"{'api_path': '/artists/196943', 'header_image_url': 'https://images.genius.com/e5afba664f84f0cadba65e3231dd57c7.1000x495x1.png', 'id': 196943, 'image_url': 'https://images.genius.com/de32245e4abcb8be6c5d15aace40d53e.1000x1000x1.png', 'is_meme_verified': False, 'is_verified': False, 'name': 'Genius English Translations', 'url': 'https://genius.com/artists/Genius-english-translations'}",1,False,132737,,/artists/196943,https://images.genius.com/e5afba664f84f0cadba65e3231dd57c7.1000x495x1.png,196943,https://images.genius.com/de32245e4abcb8be6c5d15aace40d53e.1000x1000x1.png,False,False,Genius English Translations,https://genius.com/artists/Genius-english-translations,
1,/songs/3773895,Armaan Malik & Neeti Mohan,Sau Aasmaan by Armaan Malik & Neeti Mohan,https://images.genius.com/5634a3eb5a933b6d8022fcf006657677.300x300x1.jpg,https://images.genius.com/5634a3eb5a933b6d8022fcf006657677.999x999x1.jpg,3773895,7315462,complete,/Armaan-malik-and-neeti-mohan-sau-aasmaan-lyrics,,https://genius.com/Armaan-malik-and-neeti-mohan-sau-aasmaan-sample,"{'year': 2016, 'month': 8, 'day': 4}","August 4, 2016","Aug. 4, 2016",https://images.genius.com/5634a3eb5a933b6d8022fcf006657677.300x300x1.jpg,https://images.genius.com/5634a3eb5a933b6d8022fcf006657677.999x999x1.jpg,"{'unreviewed_annotations': 1, 'hot': False, 'pageviews': 132867}",Sau Aasmaan,Sau Aasmaan,https://genius.com/Armaan-malik-and-neeti-mohan-sau-aasmaan-lyrics,[],"{'api_path': '/artists/3743928', 'header_image_url': 'https://assets.genius.com/images/default_avatar_300.png?1707847067', 'id': 3743928, 'image_url': 'https://assets.genius.com/images/default_avatar_300.png?1707847067', 'is_meme_verified': False, 'is_verified': False, 'name': 'Armaan Malik & Neeti Mohan', 'url': 'https://genius.com/artists/Armaan-malik-and-neeti-mohan'}",1,False,132867,,/artists/3743928,https://assets.genius.com/images/default_avatar_300.png?1707847067,3743928,https://assets.genius.com/images/default_avatar_300.png?1707847067,False,False,Armaan Malik & Neeti Mohan,https://genius.com/artists/Armaan-malik-and-neeti-mohan,
0,/songs/3624102,Amaal Mallik & Armaan Malik,Ghar Se Nikalte Hi by Amaal Mallik & Armaan Malik,https://images.genius.com/68233280b18e8b874e95609ff0e91a61.300x300x1.png,https://images.genius.com/68233280b18e8b874e95609ff0e91a61.1000x1000x1.png,3624102,9563107,complete,/Amaal-mallik-and-armaan-malik-ghar-se-nikalte-hi-lyrics,,https://genius.com/Amaal-mallik-and-armaan-malik-ghar-se-nikalte-hi-sample,"{'year': 2018, 'month': 4, 'day': 4}","April 4, 2018","Apr. 4, 2018",https://images.genius.com/68233280b18e8b874e95609ff0e91a61.300x300x1.png,https://images.genius.com/68233280b18e8b874e95609ff0e91a61.1000x1000x1.png,"{'unreviewed_annotations': 0, 'hot': False, 'pageviews': 125178}",Ghar Se Nikalte Hi,Ghar Se Nikalte Hi,https://genius.com/Amaal-mallik-and-armaan-malik-ghar-se-nikalte-hi-lyrics,[],"{'api_path': '/artists/1811136', 'header_image_url': 'https://assets.genius.com/images/default_avatar_300.png?1707847067', 'id': 1811136, 'image_url': 'https://assets.genius.com/images/default_avatar_300.png?1707847067', 'is_meme_verified': False, 'is_verified': False, 'name': 'Amaal Mallik & Armaan Malik', 'url': 'https://genius.com/artists/Amaal-mallik-and-armaan-malik'}",0,False,125178,,/artists/1811136,https://assets.genius.com/images/default_avatar_300.png?1707847067,1811136,https://assets.genius.com/images/default_avatar_300.png?1707847067,False,False,Amaal Mallik & Armaan Malik,https://genius.com/artists/Amaal-mallik-and-armaan-malik,
0,/songs/4176357,Armaan Malik,Kuch To Hai by Armaan Malik,https://images.genius.com/4294021a6a27a6d54165e2fe2d26ae05.300x300x1.png,https://images.genius.com/4294021a6a27a6d54165e2fe2d26ae05.1000x1000x1.png,4176357,7315462,complete,/Armaan-malik-kuch-to-hai-lyrics,,https://genius.com/Armaan-malik-kuch-to-hai-sample,"{'year': 2016, 'month': 6, 'day': 8}","June 8, 2016","Jun. 8, 2016",https://images.genius.com/4294021a6a27a6d54165e2fe2d26ae05.300x300x1.png,https://images.genius.com/4294021a6a27a6d54165e2fe2d26ae05.1000x1000x1.png,"{'unreviewed_annotations': 0, 'hot': False, 'pageviews': 111737}",Kuch To Hai,Kuch To Hai,https://genius.com/Armaan-malik-kuch-to-hai-lyrics,[],"{'api_path': '/artists/1426499', 'header_image_url': 'https://images.genius.com/5a227037bbc12598093f1f7b37dbcbbf.729x243x1.jpg', 'id': 1426499, 'image_url': 'https://images.genius.com/e523e9e196b114388c444fdc42e8ee3e.895x895x1.jpg', 'is_meme_verified': False, 'is_verified': True, 'name': 'Armaan Malik', 'url': 'https://genius.com/artists/Armaan-malik', 'iq': 100}",0,False,111737,,/artists/1426499,https://images.genius.com/5a227037bbc12598093f1f7b37dbcbbf.729x243x1.jpg,1426499,https://images.genius.com/e523e9e196b114388c444fdc42e8ee3e.895x895x1.jpg,False,True,Armaan Malik,https://genius.com/artists/Armaan-malik,100.0
0,/songs/3680759,Armaan Malik,Besabriyaan by Armaan Malik,https://images.genius.com/4e7a1f7cb151c0c218e833b6474666bf.300x300x1.jpg,https://images.genius.com/4e7a1f7cb151c0c218e833b6474666bf.333x333x1.jpg,3680759,5334223,complete,/Armaan-malik-besabriyaan-lyrics,,https://genius.com/Armaan-malik-besabriyaan-sample,"{'year': 2016, 'month': 11, 'day': 5}","November 5, 2016","Nov. 5, 2016",https://images.genius.com/4e7a1f7cb151c0c218e833b6474666bf.300x300x1.jpg,https://images.genius.com/4e7a1f7cb151c0c218e833b6474666bf.333x333x1.jpg,"{'unreviewed_annotations': 0, 'hot': False, 'pageviews': 49889}",Besabriyaan,Besabriyaan,https://genius.com/Armaan-malik-besabriyaan-lyrics,[],"{'api_path': '/artists/1426499', 'header_image_url': 'https://images.genius.com/5a227037bbc12598093f1f7b37dbcbbf.729x243x1.jpg', 'id': 1426499, 'image_url': 'https://images.genius.com/e523e9e196b114388c444fdc42e8ee3e.895x895x1.jpg', 'is_meme_verified': False, 'is_verified': True, 'name': 'Armaan Malik', 'url': 'https://genius.com/artists/Armaan-malik', 'iq': 100}",0,False,49889,,/artists/1426499,https://images.genius.com/5a227037bbc12598093f1f7b37dbcbbf.729x243x1.jpg,1426499,https://images.genius.com/e523e9e196b114388c444fdc42e8ee3e.895x895x1.jpg,False,True,Armaan Malik,https://genius.com/artists/Armaan-malik,100.0
0,/songs/5564671,Genius Romanizations,Amaal Malik & Armaan Malik - Ghar Se Nikalte Hi (Romanized) by Genius Romanizations,https://images.genius.com/68233280b18e8b874e95609ff0e91a61.300x300x1.png,https://images.genius.com/68233280b18e8b874e95609ff0e91a61.1000x1000x1.png,5564671,9563107,complete,/Genius-romanizations-amaal-malik-and-armaan-malik-ghar-se-nikalte-hi-romanized-lyrics,,https://genius.com/Genius-romanizations-amaal-malik-and-armaan-malik-ghar-se-nikalte-hi-romanized-sample,"{'year': 2018, 'month': 4, 'day': 4}","April 4, 2018","Apr. 4, 2018",https://images.genius.com/68233280b18e8b874e95609ff0e91a61.300x300x1.png,https://images.genius.com/68233280b18e8b874e95609ff0e91a61.1000x1000x1.png,"{'unreviewed_annotations': 0, 'hot': False, 'pageviews': 39921}",Amaal Malik & Armaan Malik - Ghar Se Nikalte Hi (Romanized),Amaal Malik & Armaan Malik - Ghar Se Nikalte Hi (Romanized),https://genius.com/Genius-romanizations-amaal-malik-and-armaan-malik-ghar-se-nikalte-hi-romanized-lyrics,[],"{'api_path': '/artists/1507735', 'header_image_url': 'https://images.genius.com/e5afba664f84f0cadba65e3231dd57c7.1000x495x1.png', 'id': 1507735, 'image_url': 'https://images.genius.com/086f5809e96b133dd536982629e5844b.1000x1000x1.png', 'is_meme_verified': False, 'is_verified': False, 'name': 'Genius Romanizations', 'url': 'https://genius.com/artists/Genius-romanizations'}",0,False,39921,,/artists/1507735,https://images.genius.com/e5afba664f84f0cadba65e3231dd57c7.1000x495x1.png,1507735,https://images.genius.com/086f5809e96b133dd536982629e5844b.1000x1000x1.png,False,False,Genius Romanizations,https://genius.com/artists/Genius-romanizations,
0,/songs/4407140,Armaan Malik,Kuch Toh Hai by Armaan Malik,https://images.genius.com/cef57a7bd77fea26df4da6e1cc14aff5.300x300x1.jpg,https://images.genius.com/cef57a7bd77fea26df4da6e1cc14aff5.500x500x1.jpg,4407140,5334223,complete,/Armaan-malik-kuch-toh-hai-lyrics,,https://genius.com/Armaan-malik-kuch-toh-hai-sample,"{'year': 2016, 'month': 5, 'day': 5}","May 5, 2016","May. 5, 2016",https://images.genius.com/cef57a7bd77fea26df4da6e1cc14aff5.300x300x1.jpg,https://images.genius.com/cef57a7bd77fea26df4da6e1cc14aff5.500x500x1.jpg,"{'unreviewed_annotations': 0, 'hot': False, 'pageviews': 38377}",Kuch Toh Hai,Kuch Toh Hai,https://genius.com/Armaan-malik-kuch-toh-hai-lyrics,[],"{'api_path': '/artists/1426499', 'header_image_url': 'https://images.genius.com/5a227037bbc12598093f1f7b37dbcbbf.729x243x1.jpg', 'id': 1426499, 'image_url': 'https://images.genius.com/e523e9e196b114388c444fdc42e8ee3e.895x895x1.jpg', 'is_meme_verified': False, 'is_verified': True, 'name': 'Armaan Malik', 'url': 'https://genius.com/artists/Armaan-malik', 'iq': 100}",0,False,38377,,/artists/1426499,https://images.genius.com/5a227037bbc12598093f1f7b37dbcbbf.729x243x1.jpg,1426499,https://images.genius.com/e523e9e196b114388c444fdc42e8ee3e.895x895x1.jpg,False,True,Armaan Malik,https://genius.com/artists/Armaan-malik,100.0
0,/songs/8237376,Armaan Malik,Tu / You by Armaan Malik,https://images.genius.com/e7889fb0f3c705a1ebbdc8eddbb45d85.300x300x1.jpg,https://images.genius.com/e7889fb0f3c705a1ebbdc8eddbb45d85.1000x1000x1.jpg,8237376,15071992,complete,/Armaan-malik-tu-you-lyrics,,https://genius.com/Armaan-malik-tu-you-sample,"{'year': 2022, 'month': 7, 'day': 22}","July 22, 2022","Jul. 22, 2022",https://images.genius.com/e7889fb0f3c705a1ebbdc8eddbb45d85.300x300x1.jpg,https://images.genius.com/e7889fb0f3c705a1ebbdc8eddbb45d85.1000x1000x1.jpg,"{'unreviewed_annotations': 0, 'hot': False, 'pageviews': 18684}",Tu / You,Tu / You,https://genius.com/Armaan-malik-tu-you-lyrics,[],"{'api_path': '/artists/1426499', 'header_image_url': 'https://images.genius.com/5a227037bbc12598093f1f7b37dbcbbf.729x243x1.jpg', 'id': 1426499, 'image_url': 'https://images.genius.com/e523e9e196b114388c444fdc42e8ee3e.895x895x1.jpg', 'is_meme_verified': False, 'is_verified': True, 'name': 'Armaan Malik', 'url': 'https://genius.com/artists/Armaan-malik', 'iq': 100}",0,False,18684,,/artists/1426499,https://images.genius.com/5a227037bbc12598093f1f7b37dbcbbf.729x243x1.jpg,1426499,https://images.genius.com/e523e9e196b114388c444fdc42e8ee3e.895x895x1.jpg,False,True,Armaan Malik,https://genius.com/artists/Armaan-malik,100.0
1,/songs/7557487,Armaan Malik,You by Armaan Malik,https://images.genius.com/fd66a66dbfeab59f4848b6591ad9a01a.300x300x1.png,https://images.genius.com/fd66a66dbfeab59f4848b6591ad9a01a.1000x1000x1.png,7557487,11598419,complete,/Armaan-malik-you-lyrics,1.0,https://genius.com/Armaan-malik-you-sample,"{'year': 2022, 'month': 1, 'day': 7}","January 7, 2022","Jan. 7, 2022",https://images.genius.com/fd66a66dbfeab59f4848b6591ad9a01a.300x300x1.png,https://images.genius.com/fd66a66dbfeab59f4848b6591ad9a01a.1000x1000x1.png,"{'unreviewed_annotations': 0, 'hot': False, 'pageviews': 22589}",You,You,https://genius.com/Armaan-malik-you-lyrics,[],"{'api_path': '/artists/1426499', 'header_image_url': 'https://images.genius.com/5a227037bbc12598093f1f7b37dbcbbf.729x243x1.jpg', 'id': 1426499, 'image_url': 'https://images.genius.com/e523e9e196b114388c444fdc42e8ee3e.895x895x1.jpg', 'is_meme_verified': False, 'is_verified': True, 'name': 'Armaan Malik', 'url': 'https://genius.com/artists/Armaan-malik', 'iq': 100}",0,False,22589,,/artists/1426499,https://images.genius.com/5a227037bbc12598093f1f7b37dbcbbf.729x243x1.jpg,1426499,https://images.genius.com/e523e9e196b114388c444fdc42e8ee3e.895x895x1.jpg,False,True,Armaan Malik,https://genius.com/artists/Armaan-malik,100.0
43,/songs/7076626,Taylor Swift,All Too Well (10 Minute Version) (Taylor's Version) [From The Vault] by Taylor Swift,https://images.genius.com/aac8ea3f13ae887a7f1fd9cdd451374e.300x300x1.png,https://images.genius.com/aac8ea3f13ae887a7f1fd9cdd451374e.1000x1000x1.png,7076626,12603744,complete,/Taylor-swift-all-too-well-10-minute-version-taylors-version-from-the-vault-lyrics,219.0,https://genius.com/Taylor-swift-all-too-well-10-minute-version-taylors-version-from-the-vault-sample,"{'year': 2021, 'month': 11, 'day': 12}","November 12, 2021","Nov. 12, 2021",https://images.genius.com/9dd4ba749dd51d39d7b56b67b9cc3777.300x300x1.jpg,https://images.genius.com/9dd4ba749dd51d39d7b56b67b9cc3777.1000x1000x1.jpg,"{'unreviewed_annotations': 6, 'concurrents': 12, 'hot': False, 'pageviews': 4370706}",All Too Well (10 Minute Version) (Taylor’s Version) [From The Vault],All Too Well (10 Minute Version) (Taylor's Version) [From The Vault],https://genius.com/Taylor-swift-all-too-well-10-minute-version-taylors-version-from-the-vault-lyrics,[],"{'api_path': '/artists/1177', 'header_image_url': 'https://images.genius.com/5c2c1c282f5e80f4db678e685a007a34.1000x333x1.jpg', 'id': 1177, 'image_url': 'https://images.genius.com/81985fb62e4b6edca0f659281b8faa2e.400x400x1.jpg', 'is_meme_verified': True, 'is_verified': True, 'name': 'Taylor Swift', 'url': 'https://genius.com/artists/Taylor-swift', 'iq': 1544}",6,False,4370706,12.0,/artists/1177,https://images.genius.com/5c2c1c282f5e80f4db678e685a007a34.1000x333x1.jpg,1177,https://images.genius.com/81985fb62e4b6edca0f659281b8faa2e.400x400x1.jpg,True,True,Taylor Swift,https://genius.com/artists/Taylor-swift,1544.0
34,/songs/7394358,Taylor Swift,All Too Well (10 Minute Version) (Taylor's Version) [Live Acoustic] by Taylor Swift,https://images.genius.com/fb18a1248bb4cd26893dea7e3610b0d5.300x300x1.jpg,https://images.genius.com/fb18a1248bb4cd26893dea7e3610b0d5.1000x1000x1.jpg,7394358,6878633,complete,/Taylor-swift-all-too-well-10-minute-version-taylors-version-live-acoustic-lyrics,52.0,https://genius.com/Taylor-swift-all-too-well-10-minute-version-taylors-version-live-acoustic-sample,"{'year': 2021, 'month': 11, 'day': 15}","November 15, 2021","Nov. 15, 2021",https://images.genius.com/fb18a1248bb4cd26893dea7e3610b0d5.300x300x1.jpg,https://images.genius.com/fb18a1248bb4cd26893dea7e3610b0d5.1000x1000x1.jpg,"{'unreviewed_annotations': 6, 'concurrents': 9, 'hot': False, 'pageviews': 3707239}",All Too Well (10 Minute Version) (Taylor’s Version) [Live Acoustic],All Too Well (10 Minute Version) (Taylor's Version) [Live Acoustic],https://genius.com/Taylor-swift-all-too-well-10-minute-version-taylors-version-live-acoustic-lyrics,[],"{'api_path': '/artists/1177', 'header_image_url': 'https://images.genius.com/5c2c1c282f5e80f4db678e685a007a34.1000x333x1.jpg', 'id': 1177, 'image_url': 'https://images.genius.com/81985fb62e4b6edca0f659281b8faa2e.400x400x1.jpg', 'is_meme_verified': True, 'is_verified': True, 'name': 'Taylor Swift', 'url': 'https://genius.com/artists/Taylor-swift', 'iq': 1544}",6,False,3707239,9.0,/artists/1177,https://images.genius.com/5c2c1c282f5e80f4db678e685a007a34.1000x333x1.jpg,1177,https://images.genius.com/81985fb62e4b6edca0f659281b8faa2e.400x400x1.jpg,True,True,Taylor Swift,https://genius.com/artists/Taylor-swift,1544.0
26,/songs/5793984,Taylor Swift,​cardigan by Taylor Swift,https://images.genius.com/282838f51b2395aba0e0084dd02f1774.300x300x1.png,https://images.genius.com/282838f51b2395aba0e0084dd02f1774.1000x1000x1.png,5793984,5748418,complete,/Taylor-swift-cardigan-lyrics,171.0,https://genius.com/Taylor-swift-cardigan-sample,"{'year': 2020, 'month': 7, 'day': 24}","July 24, 2020","Jul. 24, 2020",https://images.genius.com/8c6b44171caaa726820cce35ad8b066e.300x300x1.png,https://images.genius.com/8c6b44171caaa726820cce35ad8b066e.1000x1000x1.png,"{'unreviewed_annotations': 0, 'concurrents': 3, 'hot': False, 'pageviews': 3162134}",​cardigan,​cardigan,https://genius.com/Taylor-swift-cardigan-lyrics,[],"{'api_path': '/artists/1177', 'header_image_url': 'https://images.genius.com/5c2c1c282f5e80f4db678e685a007a34.1000x333x1.jpg', 'id': 1177, 'image_url': 'https://images.genius.com/81985fb62e4b6edca0f659281b8faa2e.400x400x1.jpg', 'is_meme_verified': True, 'is_verified': True, 'name': 'Taylor Swift', 'url': 'https://genius.com/artists/Taylor-swift', 'iq': 1544}",0,False,3162134,3.0,/artists/1177,https://images.genius.com/5c2c1c282f5e80f4db678e685a007a34.1000x333x1.jpg,1177,https://images.genius.com/81985fb62e4b6edca0f659281b8faa2e.400x400x1.jpg,True,True,Taylor Swift,https://genius.com/artists/Taylor-swift,1544.0
14,/songs/5793983,Taylor Swift (Ft. Bon Iver),​exile by Taylor Swift (Ft. Bon Iver),https://images.genius.com/4a6a06f7e361703062b0db46d0e4ec36.300x300x1.png,https://images.genius.com/4a6a06f7e361703062b0db46d0e4ec36.1000x1000x1.png,5793983,3995752,complete,/Taylor-swift-exile-lyrics,110.0,https://genius.com/Taylor-swift-exile-sample,"{'year': 2020, 'month': 7, 'day': 24}","July 24, 2020","Jul. 24, 2020",https://images.genius.com/4a6a06f7e361703062b0db46d0e4ec36.300x300x1.png,https://images.genius.com/4a6a06f7e361703062b0db46d0e4ec36.1000x1000x1.png,"{'unreviewed_annotations': 2, 'concurrents': 2, 'hot': False, 'pageviews': 2610832}",​exile,​exile (Ft. Bon Iver),https://genius.com/Taylor-swift-exile-lyrics,"[{'api_path': '/artists/589', 'header_image_url': 'https://images.genius.com/68ae4abb1941980b728eea32c64e11ed.975x180x1.png', 'id': 589, 'image_url': 'https://images.genius.com/f2314f39e56a73d1fb5a716bbe154556.1000x1000x1.jpg', 'is_meme_verified': False, 'is_verified': False, 'name': 'Bon Iver', 'url': 'https://genius.com/artists/Bon-iver'}]","{'api_path': '/artists/1177', 'header_image_url': 'https://images.genius.com/5c2c1c282f5e80f4db678e685a007a34.1000x333x1.jpg', 'id': 1177, 'image_url': 'https://images.genius.com/81985fb62e4b6edca0f659281b8faa2e.400x400x1.jpg', 'is_meme_verified': True, 'is_verified': True, 'name': 'Taylor Swift', 'url': 'https://genius.com/artists/Taylor-swift', 'iq': 1544}",2,False,2610832,2.0,/artists/1177,https://images.genius.com/5c2c1c282f5e80f4db678e685a007a34.1000x333x1.jpg,1177,https://images.genius.com/81985fb62e4b6edca0f659281b8faa2e.400x400x1.jpg,True,True,Taylor Swift,https://genius.com/artists/Taylor-swift,1544.0
20,/songs/4508914,Taylor Swift,Lover by Taylor Swift,https://images.genius.com/9c29b54daed86f6243dac0fee0b20bb6.300x300x1.jpg,https://images.genius.com/9c29b54daed86f6243dac0fee0b20bb6.1000x1000x1.jpg,4508914,8664184,complete,/Taylor-swift-lover-lyrics,134.0,https://genius.com/Taylor-swift-lover-sample,"{'year': 2019, 'month': 8, 'day': 16}","August 16, 2019","Aug. 16, 2019",https://images.genius.com/ef7309e1b3e6fae42a331b84076f68e6.300x300x1.jpg,https://images.genius.com/ef7309e1b3e6fae42a331b84076f68e6.1000x1000x1.jpg,"{'unreviewed_annotations': 1, 'concurrents': 2, 'hot': False, 'pageviews': 2498867}",Lover,Lover,https://genius.com/Taylor-swift-lover-lyrics,[],"{'api_path': '/artists/1177', 'header_image_url': 'https://images.genius.com/5c2c1c282f5e80f4db678e685a007a34.1000x333x1.jpg', 'id': 1177, 'image_url': 'https://images.genius.com/81985fb62e4b6edca0f659281b8faa2e.400x400x1.jpg', 'is_meme_verified': True, 'is_verified': True, 'name': 'Taylor Swift', 'url': 'https://genius.com/artists/Taylor-swift', 'iq': 1544}",1,False,2498867,2.0,/artists/1177,https://images.genius.com/5c2c1c282f5e80f4db678e685a007a34.1000x333x1.jpg,1177,https://images.genius.com/81985fb62e4b6edca0f659281b8faa2e.400x400x1.jpg,True,True,Taylor Swift,https://genius.com/artists/Taylor-swift,1544.0
26,/songs/9538404,Taylor Swift,Is It Over Now? (Taylor's Version) [From The Vault] by Taylor Swift,https://images.genius.com/a7c0bb49114dc476947df4375fb2ca0b.300x300x1.png,https://images.genius.com/a7c0bb49114dc476947df4375fb2ca0b.1000x1000x1.png,9538404,17904299,complete,/Taylor-swift-is-it-over-now-taylors-version-from-the-vault-lyrics,4.0,https://genius.com/Taylor-swift-is-it-over-now-taylors-version-from-the-vault-sample,"{'year': 2023, 'month': 10, 'day': 27}","October 27, 2023","Oct. 27, 2023",https://images.genius.com/a7c0bb49114dc476947df4375fb2ca0b.300x300x1.png,https://images.genius.com/a7c0bb49114dc476947df4375fb2ca0b.1000x1000x1.png,"{'unreviewed_annotations': 11, 'concurrents': 2, 'hot': False, 'pageviews': 2373745}",Is It Over Now? (Taylor’s Version) [From The Vault],Is It Over Now? (Taylor's Version) [From The Vault],https://genius.com/Taylor-swift-is-it-over-now-taylors-version-from-the-vault-lyrics,[],"{'api_path': '/artists/1177', 'header_image_url': 'https://images.genius.com/5c2c1c282f5e80f4db678e685a007a34.1000x333x1.jpg', 'id': 1177, 'image_url': 'https://images.genius.com/81985fb62e4b6edca0f659281b8faa2e.400x400x1.jpg', 'is_meme_verified': True, 'is_verified': True, 'name': 'Taylor Swift', 'url': 'https://genius.com/artists/Taylor-swift', 'iq': 1544}",11,False,2373745,2.0,/artists/1177,https://images.genius.com/5c2c1c282f5e80f4db678e685a007a34.1000x333x1.jpg,1177,https://images.genius.com/81985fb62e4b6edca0f659281b8faa2e.400x400x1.jpg,True,True,Taylor Swift,https://genius.com/artists/Taylor-swift,1544.0
16,/songs/5794073,Taylor Swift,​the 1 by Taylor Swift,https://images.genius.com/4a6a06f7e361703062b0db46d0e4ec36.300x300x1.png,https://images.genius.com/4a6a06f7e361703062b0db46d0e4ec36.1000x1000x1.png,5794073,4335922,complete,/Taylor-swift-the-1-lyrics,102.0,https://genius.com/Taylor-swift-the-1-sample,"{'year': 2020, 'month': 7, 'day': 24}","July 24, 2020","Jul. 24, 2020",https://images.genius.com/4a6a06f7e361703062b0db46d0e4ec36.300x300x1.png,https://images.genius.com/4a6a06f7e361703062b0db46d0e4ec36.1000x1000x1.png,"{'unreviewed_annotations': 0, 'concurrents': 3, 'hot': False, 'pageviews': 2385424}",​the 1,​the 1,https://genius.com/Taylor-swift-the-1-lyrics,[],"{'api_path': '/artists/1177', 'header_image_url': 'https://images.genius.com/5c2c1c282f5e80f4db678e685a007a34.1000x333x1.jpg', 'id': 1177, 'image_url': 'https://images.genius.com/81985fb62e4b6edca0f659281b8faa2e.400x400x1.jpg', 'is_meme_verified': True, 'is_verified': True, 'name': 'Taylor Swift', 'url': 'https://genius.com/artists/Taylor-swift', 'iq': 1544}",0,False,2385424,3.0,/artists/1177,https://images.genius.com/5c2c1c282f5e80f4db678e685a007a34.1000x333x1.jpg,1177,https://images.genius.com/81985fb62e4b6edca0f659281b8faa2e.400x400x1.jpg,True,True,Taylor Swift,https://genius.com/artists/Taylor-swift,1544.0
11,/songs/5793977,Taylor Swift,​august by Taylor Swift,https://images.genius.com/4a6a06f7e361703062b0db46d0e4ec36.300x300x1.png,https://images.genius.com/4a6a06f7e361703062b0db46d0e4ec36.1000x1000x1.png,5793977,93685,complete,/Taylor-swift-august-lyrics,124.0,https://genius.com/Taylor-swift-august-sample,"{'year': 2020, 'month': 7, 'day': 24}","July 24, 2020","Jul. 24, 2020",https://images.genius.com/4a6a06f7e361703062b0db46d0e4ec36.300x300x1.png,https://images.genius.com/4a6a06f7e361703062b0db46d0e4ec36.1000x1000x1.png,"{'unreviewed_annotations': 1, 'hot': False, 'pageviews': 2216269}",​august,​august,https://genius.com/Taylor-swift-august-lyrics,[],"{'api_path': '/artists/1177', 'header_image_url': 'https://images.genius.com/5c2c1c282f5e80f4db678e685a007a34.1000x333x1.jpg', 'id': 1177, 'image_url': 'https://images.genius.com/81985fb62e4b6edca0f659281b8faa2e.400x400x1.jpg', 'is_meme_verified': True, 'is_verified': True, 'name': 'Taylor Swift', 'url': 'https://genius.com/artists/Taylor-swift', 'iq': 1544}",1,False,2216269,,/artists/1177,https://images.genius.com/5c2c1c282f5e80f4db678e685a007a34.1000x333x1.jpg,1177,https://images.genius.com/81985fb62e4b6edca0f659281b8faa2e.400x400x1.jpg,True,True,Taylor Swift,https://genius.com/artists/Taylor-swift,1544.0
13,/songs/3210592,Taylor Swift,Look What You Made Me Do by Taylor Swift,https://images.genius.com/01c5bf888fa73a6b25fb2dee1b4035ff.300x300x1.png,https://images.genius.com/01c5bf888fa73a6b25fb2dee1b4035ff.1000x1000x1.png,3210592,2171344,complete,/Taylor-swift-look-what-you-made-me-do-lyrics,237.0,https://genius.com/Taylor-swift-look-what-you-made-me-do-sample,"{'year': 2017, 'month': 8, 'day': 25}","August 25, 2017","Aug. 25, 2017",https://images.genius.com/0a1e9278ea8bdecbbba6c3ff901f76ca.300x300x1.jpg,https://images.genius.com/0a1e9278ea8bdecbbba6c3ff901f76ca.1000x1000x1.jpg,"{'unreviewed_annotations': 0, 'concurrents': 3, 'hot': False, 'pageviews': 2040252}",Look What You Made Me Do,Look What You Made Me Do,https://genius.com/Taylor-swift-look-what-you-made-me-do-lyrics,[],"{'api_path': '/artists/1177', 'header_image_url': 'https://images.genius.com/5c2c1c282f5e80f4db678e685a007a34.1000x333x1.jpg', 'id': 1177, 'image_url': 'https://images.genius.com/81985fb62e4b6edca0f659281b8faa2e.400x400x1.jpg', 'is_meme_verified': True, 'is_verified': True, 'name': 'Taylor Swift', 'url': 'https://genius.com/artists/Taylor-swift', 'iq': 1544}",0,False,2040252,3.0,/artists/1177,https://images.genius.com/5c2c1c282f5e80f4db678e685a007a34.1000x333x1.jpg,1177,https://images.genius.com/81985fb62e4b6edca0f659281b8faa2e.400x400x1.jpg,True,True,Taylor Swift,https://genius.com/artists/Taylor-swift,1544.0
19,/songs/4712978,Taylor Swift,Cruel Summer by Taylor Swift,https://images.genius.com/3dce13a448e22554ed04246ec06e3207.300x300x1.jpg,https://images.genius.com/3dce13a448e22554ed04246ec06e3207.1000x1000x1.jpg,4712978,6942602,complete,/Taylor-swift-cruel-summer-lyrics,103.0,https://genius.com/Taylor-swift-cruel-summer-sample,"{'year': 2019, 'month': 8, 'day': 23}","August 23, 2019","Aug. 23, 2019",https://images.genius.com/8109424a2bb5b226dbb3482466d51e34.300x300x1.png,https://images.genius.com/8109424a2bb5b226dbb3482466d51e34.1000x1000x1.png,"{'unreviewed_annotations': 0, 'concurrents': 4, 'hot': False, 'pageviews': 2039903}",Cruel Summer,Cruel Summer,https://genius.com/Taylor-swift-cruel-summer-lyrics,[],"{'api_path': '/artists/1177', 'header_image_url': 'https://images.genius.com/5c2c1c282f5e80f4db678e685a007a34.1000x333x1.jpg', 'id': 1177, 'image_url': 'https://images.genius.com/81985fb62e4b6edca0f659281b8faa2e.400x400x1.jpg', 'is_meme_verified': True, 'is_verified': True, 'name': 'Taylor Swift', 'url': 'https://genius.com/artists/Taylor-swift', 'iq': 1544}",0,False,2039903,4.0,/artists/1177,https://images.genius.com/5c2c1c282f5e80f4db678e685a007a34.1000x333x1.jpg,1177,https://images.genius.com/81985fb62e4b6edca0f659281b8faa2e.400x400x1.jpg,True,True,Taylor Swift,https://genius.com/artists/Taylor-swift,1544.0
5,/songs/2998843,The Chainsmokers & Coldplay,Something Just Like This by The Chainsmokers & Coldplay,https://images.genius.com/b8e706b361293498fbd7677a4196f69d.300x300x1.jpg,https://images.genius.com/b8e706b361293498fbd7677a4196f69d.1000x1000x1.jpg,2998843,3035027,complete,/The-chainsmokers-and-coldplay-something-just-like-this-lyrics,126.0,https://genius.com/The-chainsmokers-and-coldplay-something-just-like-this-sample,"{'year': 2017, 'month': 2, 'day': 22}","February 22, 2017","Feb. 22, 2017",https://images.genius.com/1462b30a4ec73a9fe72f2f565e47ea5d.300x300x1.png,https://images.genius.com/1462b30a4ec73a9fe72f2f565e47ea5d.1000x1000x1.png,"{'unreviewed_annotations': 0, 'hot': False, 'pageviews': 3886219}",Something Just Like This,Something Just Like This,https://genius.com/The-chainsmokers-and-coldplay-something-just-like-this-lyrics,[],"{'api_path': '/artists/1091336', 'header_image_url': 'https://images.genius.com/521d62bc790e81f4cd16a777c10f2e8f.636x421x1.jpg', 'id': 1091336, 'image_url': 'https://images.genius.com/a5341cdd04958e5033f04a71a1f5d297.960x960x1.jpg', 'is_meme_verified': False, 'is_verified': False, 'name': 'The Chainsmokers & Coldplay', 'url': 'https://genius.com/artists/The-chainsmokers-and-coldplay'}",0,False,3886219,,/artists/1091336,https://images.genius.com/521d62bc790e81f4cd16a777c10f2e8f.636x421x1.jpg,1091336,https://images.genius.com/a5341cdd04958e5033f04a71a1f5d297.960x960x1.jpg,False,False,The Chainsmokers & Coldplay,https://genius.com/artists/The-chainsmokers-and-coldplay,
21,/songs/49192,Coldplay,Viva La Vida by Coldplay,https://images.genius.com/bf18c338b150cccbb3619932f9cfbf71.300x300x1.jpg,https://images.genius.com/bf18c338b150cccbb3619932f9cfbf71.1000x1000x1.jpg,49192,9951,complete,/Coldplay-viva-la-vida-lyrics,242.0,https://genius.com/Coldplay-viva-la-vida-sample,"{'year': 2008, 'month': 5, 'day': 25}","May 25, 2008","May. 25, 2008",https://images.genius.com/1d7cc966e66519ac233ae9485e1b1867.300x299x1.jpg,https://images.genius.com/1d7cc966e66519ac233ae9485e1b1867.600x597x1.jpg,"{'unreviewed_annotations': 5, 'concurrents': 2, 'hot': False, 'pageviews': 3583182}",Viva La Vida,Viva La Vida,https://genius.com/Coldplay-viva-la-vida-lyrics,[],"{'api_path': '/artists/8351', 'header_image_url': 'https://images.genius.com/310ee675ff679bb138b220a3b18f64e5.1000x267x150.gif', 'id': 8351, 'image_url': 'https://images.genius.com/824478e8f9fa16aad016419b9aefbe77.640x640x1.jpg', 'is_meme_verified': False, 'is_verified': False, 'name': 'Coldplay', 'url': 'https://genius.com/artists/Coldplay'}",5,False,3583182,2.0,/artists/8351,https://images.genius.com/310ee675ff679bb138b220a3b18f64e5.1000x267x150.gif,8351,https://images.genius.com/824478e8f9fa16aad016419b9aefbe77.640x640x1.jpg,False,False,Coldplay,https://genius.com/artists/Coldplay,
12,/songs/77594,Coldplay,The Scientist by Coldplay,https://images.genius.com/6064eadde0b2727a6cc21f651d3a0f42.300x300x1.png,https://images.genius.com/6064eadde0b2727a6cc21f651d3a0f42.1000x1000x1.png,77594,5307,complete,/Coldplay-the-scientist-lyrics,220.0,https://genius.com/Coldplay-the-scientist-sample,"{'year': 2002, 'month': 8, 'day': 26}","August 26, 2002","Aug. 26, 2002",https://images.genius.com/c308ccf4f94eb2b71a2c63a4dfb678ca.300x300x1.png,https://images.genius.com/c308ccf4f94eb2b71a2c63a4dfb678ca.1000x1000x1.png,"{'unreviewed_annotations': 5, 'concurrents': 2, 'hot': False, 'pageviews': 1868927}",The Scientist,The Scientist,https://genius.com/Coldplay-the-scientist-lyrics,[],"{'api_path': '/artists/8351', 'header_image_url': 'https://images.genius.com/310ee675ff679bb138b220a3b18f64e5.1000x267x150.gif', 'id': 8351, 'image_url': 'https://images.genius.com/824478e8f9fa16aad016419b9aefbe77.640x640x1.jpg', 'is_meme_verified': False, 'is_verified': False, 'name': 'Coldplay', 'url': 'https://genius.com/artists/Coldplay'}",5,False,1868927,2.0,/artists/8351,https://images.genius.com/310ee675ff679bb138b220a3b18f64e5.1000x267x150.gif,8351,https://images.genius.com/824478e8f9fa16aad016419b9aefbe77.640x640x1.jpg,False,False,Coldplay,https://genius.com/artists/Coldplay,
10,/songs/77782,Coldplay,Yellow by Coldplay,https://images.genius.com/5d0637ce9755fbda95875edc7a62d4cc.300x298x1.jpg,https://images.genius.com/5d0637ce9755fbda95875edc7a62d4cc.772x767x1.jpg,77782,5307,complete,/Coldplay-yellow-lyrics,168.0,https://genius.com/Coldplay-yellow-sample,"{'year': 2000, 'month': 6, 'day': 26}","June 26, 2000","Jun. 26, 2000",https://images.genius.com/6501bd06032fbd397bc1ad06233f5392.300x300x1.jpg,https://images.genius.com/6501bd06032fbd397bc1ad06233f5392.1000x1000x1.jpg,"{'unreviewed_annotations': 0, 'concurrents': 3, 'hot': False, 'pageviews': 1637878}",Yellow,Yellow,https://genius.com/Coldplay-yellow-lyrics,[],"{'api_path': '/artists/8351', 'header_image_url': 'https://images.genius.com/310ee675ff679bb138b220a3b18f64e5.1000x267x150.gif', 'id': 8351, 'image_url': 'https://images.genius.com/824478e8f9fa16aad016419b9aefbe77.640x640x1.jpg', 'is_meme_verified': False, 'is_verified': False, 'name': 'Coldplay', 'url': 'https://genius.com/artists/Coldplay'}",0,False,1637878,3.0,/artists/8351,https://images.genius.com/310ee675ff679bb138b220a3b18f64e5.1000x267x150.gif,8351,https://images.genius.com/824478e8f9fa16aad016419b9aefbe77.640x640x1.jpg,False,False,Coldplay,https://genius.com/artists/Coldplay,
9,/songs/79647,Coldplay,Fix You by Coldplay,https://images.genius.com/d21ff4318a76dd8dcbeb7991d33666f9.300x300x1.jpg,https://images.genius.com/d21ff4318a76dd8dcbeb7991d33666f9.1000x1000x1.jpg,79647,5307,complete,/Coldplay-fix-you-lyrics,152.0,https://genius.com/Coldplay-fix-you-sample,"{'year': 2005, 'month': 6, 'day': 6}","June 6, 2005","Jun. 6, 2005",https://images.genius.com/6c0d5368ca48b9e35fd2893b2dc21605.300x300x1.png,https://images.genius.com/6c0d5368ca48b9e35fd2893b2dc21605.1000x1000x1.png,"{'unreviewed_annotations': 2, 'concurrents': 2, 'hot': False, 'pageviews': 1371041}",Fix You,Fix You,https://genius.com/Coldplay-fix-you-lyrics,[],"{'api_path': '/artists/8351', 'header_image_url': 'https://images.genius.com/310ee675ff679bb138b220a3b18f64e5.1000x267x150.gif', 'id': 8351, 'image_url': 'https://images.genius.com/824478e8f9fa16aad016419b9aefbe77.640x640x1.jpg', 'is_meme_verified': False, 'is_verified': False, 'name': 'Coldplay', 'url': 'https://genius.com/artists/Coldplay'}",2,False,1371041,2.0,/artists/8351,https://images.genius.com/310ee675ff679bb138b220a3b18f64e5.1000x267x150.gif,8351,https://images.genius.com/824478e8f9fa16aad016419b9aefbe77.640x640x1.jpg,False,False,Coldplay,https://genius.com/artists/Coldplay,
8,/songs/2353271,Coldplay (Ft. Beyoncé),Hymn For The Weekend by Coldplay (Ft. Beyoncé),https://images.genius.com/dc9362622360700b3a9f2a668aae0b92.300x300x1.jpg,https://images.genius.com/dc9362622360700b3a9f2a668aae0b92.1000x1000x1.jpg,2353271,672397,complete,/Coldplay-hymn-for-the-weekend-lyrics,69.0,https://genius.com/Coldplay-hymn-for-the-weekend-sample,"{'year': 2016, 'month': 1, 'day': 25}","January 25, 2016","Jan. 25, 2016",https://images.genius.com/8f0ee7d13b6067c205f6d0ce957d897e.300x300x1.png,https://images.genius.com/8f0ee7d13b6067c205f6d0ce957d897e.1000x1000x1.png,"{'unreviewed_annotations': 0, 'hot': False, 'pageviews': 976218}",Hymn For The Weekend,Hymn For The Weekend (Ft. Beyoncé),https://genius.com/Coldplay-hymn-for-the-weekend-lyrics,"[{'api_path': '/artists/498', 'header_image_url': 'https://images.genius.com/1c7fc9fb392e20aa39a13057c6bbfc61.1000x333x1.jpg', 'id': 498, 'image_url': 'https://images.genius.com/504875026329abf09958edbc1456b2ec.400x400x1.jpg', 'is_meme_verified': False, 'is_verified': False, 'name': 'Beyoncé', 'url': 'https://genius.com/artists/Beyonce'}]","{'api_path': '/artists/8351', 'header_image_url': 'https://images.genius.com/310ee675ff679bb138b220a3b18f64e5.1000x267x150.gif', 'id': 8351, 'image_url': 'https://images.genius.com/824478e8f9fa16aad016419b9aefbe77.640x640x1.jpg', 'is_meme_verified': False, 'is_verified': False, 'name': 'Coldplay', 'url': 'https://genius.com/artists/Coldplay'}",0,False,976218,,/artists/8351,https://images.genius.com/310ee675ff679bb138b220a3b18f64e5.1000x267x150.gif,8351,https://images.genius.com/824478e8f9fa16aad016419b9aefbe77.640x640x1.jpg,False,False,Coldplay,https://genius.com/artists/Coldplay,
8,/songs/387508,Coldplay,A Sky Full of Stars by Coldplay,https://images.genius.com/08ad26e656c4afe88b87ba98a557aa2c.300x300x1.jpg,https://images.genius.com/08ad26e656c4afe88b87ba98a557aa2c.1000x1000x1.jpg,387508,214191,complete,/Coldplay-a-sky-full-of-stars-lyrics,140.0,https://genius.com/Coldplay-a-sky-full-of-stars-sample,"{'year': 2014, 'month': 5, 'day': 2}","May 2, 2014","May. 2, 2014",https://images.genius.com/de587a7c30178d298959f1df40f1ff83.300x300x1.png,https://images.genius.com/de587a7c30178d298959f1df40f1ff83.1000x1000x1.png,"{'unreviewed_annotations': 0, 'hot': False, 'pageviews': 582521}",A Sky Full of Stars,A Sky Full of Stars,https://genius.com/Coldplay-a-sky-full-of-stars-lyrics,[],"{'api_path': '/artists/8351', 'header_image_url': 'https://images.genius.com/310ee675ff679bb138b220a3b18f64e5.1000x267x150.gif', 'id': 8351, 'image_url': 'https://images.genius.com/824478e8f9fa16aad016419b9aefbe77.640x640x1.jpg', 'is_meme_verified': False, 'is_verified': False, 'name': 'Coldplay', 'url': 'https://genius.com/artists/Coldplay'}",0,False,582521,,/artists/8351,https://images.genius.com/310ee675ff679bb138b220a3b18f64e5.1000x267x150.gif,8351,https://images.genius.com/824478e8f9fa16aad016419b9aefbe77.640x640x1.jpg,False,False,Coldplay,https://genius.com/artists/Coldplay,
11,/songs/2349494,Coldplay,Adventure Of A Lifetime by Coldplay,https://images.genius.com/6e05aabeafe3be30b15fe8acfd1cd01d.300x294x1.jpg,https://images.genius.com/6e05aabeafe3be30b15fe8acfd1cd01d.1000x980x1.jpg,2349494,672397,complete,/Coldplay-adventure-of-a-lifetime-lyrics,55.0,https://genius.com/Coldplay-adventure-of-a-lifetime-sample,"{'year': 2015, 'month': 11, 'day': 6}","November 6, 2015","Nov. 6, 2015",https://images.genius.com/aa658e26c5287bc830f67d705fe511e5.300x300x1.png,https://images.genius.com/aa658e26c5287bc830f67d705fe511e5.1000x1000x1.png,"{'unreviewed_annotations': 0, 'hot': False, 'pageviews': 529738}",Adventure Of A Lifetime,Adventure Of A Lifetime,https://genius.com/Coldplay-adventure-of-a-lifetime-lyrics,[],"{'api_path': '/artists/8351', 'header_image_url': 'https://images.genius.com/310ee675ff679bb138b220a3b18f64e5.1000x267x150.gif', 'id': 8351, 'image_url': 'https://images.genius.com/824478e8f9fa16aad016419b9aefbe77.640x640x1.jpg', 'is_meme_verified': False, 'is_verified': False, 'name': 'Coldplay', 'url': 'https://genius.com/artists/Coldplay'}",0,False,529738,,/artists/8351,https://images.genius.com/310ee675ff679bb138b220a3b18f64e5.1000x267x150.gif,8351,https://images.genius.com/824478e8f9fa16aad016419b9aefbe77.640x640x1.jpg,False,False,Coldplay,https://genius.com/artists/Coldplay,
9,/songs/77781,Coldplay,Sparks by Coldplay,https://images.genius.com/2a6e9a6f3b5a13f699be226f607c3104.300x300x1.jpg,https://images.genius.com/2a6e9a6f3b5a13f699be226f607c3104.1000x1000x1.jpg,77781,5307,complete,/Coldplay-sparks-lyrics,32.0,https://genius.com/Coldplay-sparks-sample,"{'year': 2000, 'month': 7, 'day': 10}","July 10, 2000","Jul. 10, 2000",https://images.genius.com/2a6e9a6f3b5a13f699be226f607c3104.300x300x1.jpg,https://images.genius.com/2a6e9a6f3b5a13f699be226f607c3104.1000x1000x1.jpg,"{'unreviewed_annotations': 7, 'hot': False, 'pageviews': 595573}",Sparks,Sparks,https://genius.com/Coldplay-sparks-lyrics,[],"{'api_path': '/artists/8351', 'header_image_url': 'https://images.genius.com/310ee675ff679bb138b220a3b18f64e5.1000x267x150.gif', 'id': 8351, 'image_url': 'https://images.genius.com/824478e8f9fa16aad016419b9aefbe77.640x640x1.jpg', 'is_meme_verified': False, 'is_verified': False, 'name': 'Coldplay', 'url': 'https://genius.com/artists/Coldplay'}",7,False,595573,,/artists/8351,https://images.genius.com/310ee675ff679bb138b220a3b18f64e5.1000x267x150.gif,8351,https://images.genius.com/824478e8f9fa16aad016419b9aefbe77.640x640x1.jpg,False,False,Coldplay,https://genius.com/artists/Coldplay,
11,/songs/2378782,Coldplay,Everglow by Coldplay,https://images.genius.com/6e05aabeafe3be30b15fe8acfd1cd01d.300x294x1.jpg,https://images.genius.com/6e05aabeafe3be30b15fe8acfd1cd01d.1000x980x1.jpg,2378782,672397,complete,/Coldplay-everglow-lyrics,37.0,https://genius.com/Coldplay-everglow-sample,"{'year': 2015, 'month': 11, 'day': 26}","November 26, 2015","Nov. 26, 2015",https://images.genius.com/87f8812b5624e5a9038b4b8b5905fea5.300x300x1.jpg,https://images.genius.com/87f8812b5624e5a9038b4b8b5905fea5.1000x1000x1.jpg,"{'unreviewed_annotations': 0, 'hot': False, 'pageviews': 490353}",Everglow,Everglow,https://genius.com/Coldplay-everglow-lyrics,[],"{'api_path': '/artists/8351', 'header_image_url': 'https://images.genius.com/310ee675ff679bb138b220a3b18f64e5.1000x267x150.gif', 'id': 8351, 'image_url': 'https://images.genius.com/824478e8f9fa16aad016419b9aefbe77.640x640x1.jpg', 'is_meme_verified': False, 'is_verified': False, 'name': 'Coldplay', 'url': 'https://genius.com/artists/Coldplay'}",0,False,490353,,/artists/8351,https://images.genius.com/310ee675ff679bb138b220a3b18f64e5.1000x267x150.gif,8351,https://images.genius.com/824478e8f9fa16aad016419b9aefbe77.640x640x1.jpg,False,False,Coldplay,https://genius.com/artists/Coldplay,
